Comment,Designator,Footprint,LCSC,Quantity
100kΩ,"R701,R703",R_0603,C25803,2
100nF,"C703,C705,C707,C713,C715",C_0603,C14663,5
100nF,"C102,C201,C202,C301,C302,C502,C602,C714",C_0402,C307331,8
10kΩ,"R102,R1101,R405,R406,R407,R408,R602,R604,R605,R606,R607",R_0402,C25744,11
10uF,"C104,C105,C701,C702,C711,C712",C_1206,C13585,6
10uF,"C501,C504",C_0603,C96446,2
11kΩ,R704,R_0603,C25950,1
1kΩ,"R803,R804",R_0402,C11702,2
1uF,"C203,C303,C503,C704,C706",C_0402,C52923,5
2.2kΩ,R805,R_0402,C25879,1
22uF,"C601,C708,C709,C716,C717",C_1206,C12891,5
22Ω,"R1001,R1002,R901,R902",R_0603,C23345,4
22Ω,"R1102,R401,R402,R403,R404,R601,R603",R_0402,C25092,7
4.7kΩ,"R801,R802,R806,R807",R_0402,C25900,4
47kΩ,R101,R_0402,C25792,1
Green,D802,D_0805,C2297,1
Red,D801,D_0805,C84256,1
SMF15A,D101,D_SOD-123FL,C19077509,1
SMF6.5A,D102,D_SOD-123FL,C41376089,1
SS24,D803,D_SMA,C7420362,1
Yellow,D804,D_0603,C89811,1
~,"FB201,FB301,FB501",FB_0603,C1002,3
BMP581,U301,BMP581,,1
BMI270,IC201,BMI270,,1
TPS54302DDCR,U702,SOT95P280X110-6N,,1
TPS54302DDCR,U701,SOT95P280X110-6N,,1
MMC5983MA,IC501,MMC5983MA,,1
13.3k,R702,R_0603_1608Metric,,1
