Designator,Val,Package,Mid X,Mid Y,Rotation,Layer
C102,100nF,C_0402,145.15,-72.55,-90.0,top
C104,10uF,C_1206,168.6628,-95.6564,0.0,top
C105,10uF,C_1206,167.3,-59.12,-90.0,top
C201,100nF,C_0402,152.75,-73.1,90.0,top
C202,100nF,C_0402,150.25,-69.088,180.0,top
C203,1uF,C_0402,150.25,-69.9492,180.0,top
C301,100nF,C_0402,148.75,-80.0,-90.0,top
C302,100nF,C_0402,150.8,-76.75,90.0,top
C303,1uF,C_0402,151.6636,-76.75,90.0,top
C501,10uF,C_0603,103.1458,-99.4966,-90.0,top
C502,100nF,C_0402,109.7,-100.6,-90.0,top
C503,1uF,C_0402,105.0,-102.05,180.0,top
C504,10uF,C_0603,110.8,-101.1,-90.0,top
C601,22uF,C_1206,119.634,-90.932,90.0,top
C602,100nF,C_0402,119.35,-93.8,0.0,top
C701,10uF,C_1206,176.77,-68.75,180.0,top
C702,10uF,C_1206,176.77,-66.25,180.0,top
C703,100nF,C_0603,176.77,-64.5,180.0,top
C704,1uF,C_0402,159.75,-62.55,180.0,top
C705,100nF,C_0603,174.2948,-60.452,-90.0,top
C706,1uF,C_0402,159.55,-68.6,180.0,top
C707,100nF,C_0603,189.125,-54.705,90.0,top
C708,22uF,C_1206,187.2462,-54.105,90.0,top
C709,22uF,C_1206,184.7462,-54.105,90.0,top
C711,10uF,C_1206,176.025,-80.925,0.0,top
C712,10uF,C_1206,176.0318,-83.3098,0.0,top
C713,100nF,C_0603,176.075,-85.1,0.0,top
C714,100nF,C_0402,178.5,-89.25,90.0,top
C715,100nF,C_0603,184.8038,-98.5396,-90.0,top
C716,22uF,C_1206,180.6382,-99.2,-90.0,top
C717,22uF,C_1206,182.975,-99.2,-90.0,top
D101,SMF15A,D_SOD-123FL,182.75,-76.6,-90.0,top
D102,SMF6.5A,D_SOD-123FL,171.55,-68.625,0.0,top
D801,Red,D_0805,117.25,-101.0,90.0,top
D802,Green,D_0805,119.5,-101.0,90.0,top
D803,SS24,D_SMA,148.55,-54.25,0.0,top
D804,Yellow,D_0603,147.54,-51.5,180.0,top
FB201,~,FB_0603,151.5872,-67.8688,0.0,top
FB301,~,FB_0603,153.6136,-76.95,0.0,top
FB501,~,FB_0603,110.9,-98.1,90.0,top
IC201,BMI270,BMI270,150.0,-72.9505,90.0,top
IC501,MMC5983MA,MMC5983MA,106.325,-99.05,-90.0,top
R1001,22Ω,R_0603,112.4,-57.65,90.0,top
R1002,22Ω,R_0603,110.9,-57.65,-90.0,top
R101,47kΩ,R_0402,173.8146,-70.7798,180.0,top
R102,10kΩ,R_0402,172.4,-71.3,-90.0,top
R1101,10kΩ,R_0402,145.9484,-92.5068,-90.0,top
R1102,22Ω,R_0402,145.0848,-92.5068,-90.0,top
R401,22Ω,R_0402,145.1356,-97.5868,90.0,top
R402,22Ω,R_0402,145.1356,-100.1268,90.0,top
R403,22Ω,R_0402,145.0848,-74.5744,90.0,top
R404,22Ω,R_0402,145.1356,-67.1068,90.0,top
R405,10kΩ,R_0402,146.05,-97.5868,-90.0,top
R406,10kΩ,R_0402,146.05,-100.1268,-90.0,top
R407,10kΩ,R_0402,145.9484,-74.5744,-90.0,top
R408,10kΩ,R_0402,145.9992,-67.1068,-90.0,top
R601,22Ω,R_0402,120.904,-87.4268,-90.0,top
R602,10kΩ,R_0402,119.9896,-87.4268,-90.0,top
R603,22Ω,R_0402,120.9548,-84.181776,90.0,top
R604,10kΩ,R_0402,120.904,-79.756,-90.0,top
R605,10kΩ,R_0402,120.9548,-77.1652,-90.0,top
R606,10kΩ,R_0402,106.95,-82.65,0.0,top
R607,10kΩ,R_0402,118.75,-68.7,-90.0,top
R701,100kΩ,R_0603,178.725,-55.6,180.0,top
R702,13.3k,R_0603_1608Metric,175.75,-56.975,0.0,top
R703,100kΩ,R_0603,175.175,-92.925,90.0,top
R704,11kΩ,R_0603,173.825,-90.325,90.0,top
R801,4.7kΩ,R_0402,120.95,-74.8,-90.0,top
R802,4.7kΩ,R_0402,120.9,-72.25,-90.0,top
R803,1kΩ,R_0402,117.25,-98.75,0.0,top
R804,1kΩ,R_0402,119.5,-98.75,0.0,top
R805,2.2kΩ,R_0402,145.5,-51.5,90.0,top
R806,4.7kΩ,R_0402,145.05,-87.4,-90.0,top
R807,4.7kΩ,R_0402,145.1,-84.85,-90.0,top
R901,22Ω,R_0603,108.155,-92.6,180.0,top
R902,22Ω,R_0603,108.155,-94.1,0.0,top
U301,BMP581,BMP581,151.25,-79.75,0.0,top
U701,TPS54302DDCR,SOT95P280X110-6N,176.75,-60.0,90.0,top
U702,TPS54302DDCR,SOT95P280X110-6N,176.1592,-89.2776,-90.0,top
